group,trial,producer,phase_bytes,throughput_MB_s,write_syscall_s,max_write_ms,eagain_count,partial_count,write_calls,blocked_s,max_backpressure_wait_ms,syscall_s_per_GiB,eagain_per_GiB,partial_per_GiB
256-pre,1,0,246299359,4.105003410511709,1.438094915,11.877042,239047,239496,538718,58.189708775,17.886416,6.2693734299049675,1042125.1717578688,1044082.5868357376
256-pre,1,1,243292013,4.0548798589488815,1.395940736,0.673959,236369,236775,532585,58.24956905,3.89875,6.160826792404987,1043187.8879519814,1044979.7231017197
256-pre,1,2,242989131,4.049833091913039,1.389585222,0.586083,236204,236556,532127,58.25773677,3.096917,6.140421856456308,1043759.0881219128,1045314.5367977138
256-pre,1,3,240988681,4.016491338029605,1.407617539,0.54075,234372,234675,527925,58.244080911,30.221792,6.271737815853066,1044260.7417504725,1045610.7793178884
256-pre,1,4,239370919,3.9895260218948256,1.394673492,0.63125,232888,233164,524535,58.257252099,8.156208,6.256061786622164,1044661.5108985398,1045899.5591320598
256-pre,1,5,237651877,3.960875641103868,1.357746799,0.459875,231204,231488,520755,58.297456751,35.023667,6.134475110787454,1044609.4843008373,1045892.6329208501
256-pre,1,6,237203680,3.953406131544448,1.387510689,0.537167,230788,231058,519799,58.269411086,12.066625,6.280797405952373,1044700.1837294935,1045922.3835388726
256-pre,1,7,235791222,3.9298673235400545,1.379225056,0.605792,229408,229699,516715,58.278154778,5.239833,6.280690242726432,1044674.0225138322,1045999.1730776815
256-pre,1,8,235159582,3.919336818231515,1.378595045,0.5335,228937,229199,515590,58.280476513,3.867541,6.294683574389335,1045329.4306378211,1046525.7261725189
256-pre,1,9,234139044,3.902329562260469,1.36316842,0.49325,227957,228193,513354,58.296443842,16.503583,6.251374912549819,1045391.4938405916,1046473.7698511829
256-pre,1,10,233463711,3.8910737826262665,1.364719816,0.618542,227210,227446,511695,58.29760336,5.288917,6.276593215297535,1044979.876255972,1046065.2829317186
256-pre,1,11,232739238,3.878999712799081,1.35813191,0.612583,226505,226780,510147,58.305396588,9.408667,6.2657377707664565,1044980.1844118781,1046248.896143245
256-pre,1,12,232169287,3.869501788906321,1.385304966,1.109542,225756,226141,508620,58.270720604,11.458333,6.40679006344667,1044081.5077273507,1045862.0645252875
256-pre,1,13,231818355,3.8636516136851635,1.370220345,1.294959,225248,225698,507583,58.285745395,14.589917,6.346619500954569,1043309.0959184488,1045393.4167255738
256-pre,1,14,231429478,3.8571705667571847,1.425924837,0.956917,225016,225426,506984,58.231300436,10.998792,6.615730842063614,1043985.8066360242,1045888.0455022415
256-pre,1,15,231157295,3.8526348107128503,1.362712368,0.808583,224628,225067,506171,58.29683981,9.440542,6.329894384703191,1043412.7914564495,1045451.9772011002
256-pre,2,0,230581419,3.84303626796908,1.688662374,0.59875,224200,224510,505045,57.951659126,3.552375,7.8635452303246085,1044025.6547332637,1045469.2227661241
256-pre,2,1,226934463,3.782254035738856,1.652000413,0.576041,220801,221076,497321,57.995163743,5.340083,7.816450235253044,1044721.3056441939,1046022.4698556429
256-pre,2,2,226691156,3.7781989681197734,1.664952141,0.416166,220747,220944,497076,57.98237355,2.987292,7.88618656455237,1045586.8266097156,1046519.9337633445
256-pre,2,3,225183022,3.7530635649402035,1.665907036,0.474083,219166,219387,493569,57.983177232,2.930584,7.943556506001032,1045050.8147047783,1046104.6105948787
256-pre,2,4,223515453,3.725270650535121,1.65014973,0.474292,217648,217847,490104,58.000305786,3.036667,7.927124309223075,1045555.2731289321,1046511.2456136445
256-pre,2,5,222518362,3.708652161516624,1.66500382,0.586292,216703,216897,487965,57.986627649,3.724291,8.034322303045569,1045680.3312540653,1046616.4603536314
256-pre,2,6,221926200,3.698781959395002,1.67744438,0.458209,216226,216390,486836,57.977185869,3.143709,8.11595110554657,1046162.6416179072,1046956.1200766742
256-pre,2,7,221229127,3.6871630552503976,1.669370088,0.489917,215434,215652,485136,57.985465812,2.976917,8.102334929975836,1045615.0112259676,1046673.0803907571
256-pre,2,8,220700815,3.6783577678220816,1.665461339,0.494791,214979,215172,484072,57.989913245,2.630375,8.102713603206867,1045904.3550958161,1046843.3283933636
256-pre,2,9,220500606,3.675023023830967,1.66674581,0.382666,214860,215006,483738,57.988848505,5.629833,8.116325477009154,1046274.5318016949,1046985.4881530076
256-pre,2,10,220106574,3.6684556173128064,1.673622688,0.48275,214409,214607,482792,57.982667944,3.029083,8.164402566644387,1045947.4542637514,1046913.3539971778
256-pre,2,11,219822429,3.6637191181491193,1.670482477,0.678375,214182,214375,482263,57.983268676,2.911083,8.159617332833758,1046190.6566775677,1047133.3820080752
256-pre,2,12,219426754,3.65712402565528,1.644043969,0.373709,213732,213920,481262,58.014596984,4.069208,8.044956860685545,1045875.1421313373,1046795.1004282732
256-pre,2,13,219406319,3.6567836850411255,1.653877099,0.383042,213661,213872,481138,58.00396221,2.995625,8.093828022118581,1045625.0891190787,1046657.6916708037
256-pre,2,14,219062558,3.651053525643018,1.654825261,0.569,213380,213563,480464,58.003351327,6.584042,8.111176598912062,1045888.5922674198,1046785.5723610787
256-pre,2,15,219055594,3.6509385539149184,1.635094469,0.481042,213137,213433,480089,58.022531998,3.010041,8.014720306829377,1044730.7323358654,1046181.6315076255
256-pre,3,0,223995749,3.733274927583092,1.730632524,0.478792,217557,217937,490220,57.901960288,3.025417,8.295927629383197,1042877.1574766269,1044698.7183541952
256-pre,3,1,220009434,3.666836122787076,1.70457283,0.690083,213895,214190,481837,57.93637558,5.125083,8.31905753471027,1043900.7240229526,1045340.4524578705
256-pre,3,2,219658025,3.6609794696472053,1.725697292,3.342833,213602,213919,481187,57.914797998,4.611083,8.435627871933841,1044138.501609709,1045688.0746708708
256-pre,3,3,218262825,3.6377252694633535,1.727026961,0.526083,212329,212588,478242,57.915816062,5.296541,8.496092173283824,1044550.4301893646,1045824.578145692
256-pre,3,4,216336088,3.605613785847102,1.734133305,0.447875,210599,210845,474299,57.912561899,3.212083,8.607031194766952,1045266.9107734628,1046487.8836178271
256-pre,3,5,215029340,3.583832845909681,1.750694926,0.444,209394,209595,471524,57.897891577,6.508584,8.742036612821233,1045601.9420171033,1046605.6288006093
256-pre,3,6,214423387,3.5737358034287685,1.777508026,2.98,208766,209027,470180,57.869378342,3.205958,8.901009991097098,1045412.0176227979,1046718.9954668891
256-pre,3,7,213561998,3.5593788538673983,1.707797903,0.519542,207949,208153,468279,57.94258991,6.706042,8.586424797311528,1045520.929051132,1046546.5952939437
256-pre,3,8,213239993,3.5540106638323468,1.745984935,0.619959,207731,207884,467713,57.904044301,3.554084,8.791676563145552,1046002.0172732982,1046772.4285679188
256-pre,3,9,212854816,3.5475913233262912,1.726696797,0.479834,207238,207428,466670,57.925470833,2.905,8.710287148521637,1045407.9090327559,1046366.3601986435
256-pre,3,10,212408541,3.540152262426335,1.737990795,0.609542,206857,207039,465791,57.913170358,3.562791,8.785679697872931,1045678.3490978737,1046598.3733636022
256-pre,3,11,212033225,3.5338987451991923,1.742066497,0.540875,206539,206707,465049,57.908862547,2.691208,8.821870525329558,1045918.9242022613,1046769.6806175918
256-pre,3,12,211808229,3.530149329015185,1.741353882,0.6465,206055,206359,464162,57.912621391,3.735792,8.82762913563741,1044576.3726409327,1046117.4719458893
256-pre,3,13,211631031,3.5271962539734933,1.758473458,3.011458,205808,206182,463695,57.8877283,4.554042,8.921879222185085,1044197.8015681074,1046095.3467451
256-pre,3,14,211576298,3.526282917438669,1.722508902,0.465875,205986,206209,463887,57.931227234,4.528208,8.741668456122232,1045371.270077067,1046502.986762799
256-pre,3,15,211308797,3.521825022750076,1.722991869,0.44325,205623,205895,463144,57.930602614,3.234334,8.755188891436587,1044850.0876958378,1046232.2250241196
256-pre,4,0,220093036,3.6680259179812786,1.644090499,0.471208,213898,214216,481887,57.995242599,3.941958,8.020829569624958,1043518.8356888857,1045070.2246207554
256-pre,4,1,216363557,3.6058713573377603,1.616994202,0.559625,210526,210752,474139,58.027128677,2.758917,8.02461527221474,1044771.9309746049,1045893.4953248526
256-pre,4,2,216100015,3.601479099531626,1.613415461,0.375541,210317,210562,473676,58.031679758,5.90225,8.016619804325051,1045007.6053822023,1046224.9433212117
256-pre,4,3,214803735,3.57987484355194,1.625005334,0.428666,209140,209362,470982,58.021157669,5.347042,8.1229322727507,1045430.4487366572,1046540.1626107106
256-pre,4,4,212853711,3.547377386375908,1.619585482,0.415,207207,207416,466627,58.030830601,3.07975,8.170008694687963,1045256.9564341211,1046311.2581898279
256-pre,4,5,211906003,3.5315824269236886,1.625733676,0.439042,206331,206515,464618,58.026229477,4.662916,8.237700763042872,1045492.9126653576,1046425.2529144255
256-pre,4,6,211149297,3.518971846164938,1.637902704,0.472792,205682,205829,463098,58.016102169,3.6065,8.329104865205837,1045939.3849839245,1046686.9131565046
256-pre,4,7,210342372,3.505523270110688,1.632699847,0.362917,204911,205064,461365,58.02352281,4.530042,8.334498156949095,1046016.1155626029,1046797.1398398797
256-pre,4,8,210100026,3.501483738968203,1.647990205,0.607709,204577,204764,460672,58.007161568,4.076917,8.422255067454556,1045515.7255832419,1046471.4119051846
256-pre,4,9,209559051,3.492468484937278,1.642715924,0.598958,204086,204250,459535,58.012886298,4.982292,8.41697261050111,1045698.9227960572,1046539.2284678747
256-pre,4,10,209329966,3.4886512986549483,1.634069411,1.719708,203908,204091,459142,58.022209137,4.480667,8.381832297769282,1045930.2699556737,1046868.9542613502
256-pre,4,11,208915216,3.481738693993775,1.617031866,0.4075,203470,203675,458187,58.03970695,3.121917,8.310906110663398,1045755.5610946021,1046809.1802523374
256-pre,4,12,208723188,3.4785383942227415,1.621093972,0.43725,203286,203465,457746,58.035366169,3.090125,8.339449081099149,1045771.1120896831,1046691.9479025971
256-pre,4,13,208688007,3.4779516690594305,1.642530322,1.535,203131,203376,457493,58.014385636,5.299875,8.451149298289995,1045149.9038511782,1046410.4781920889
256-pre,4,14,208470005,3.474318144873147,1.597184248,0.319792,203137,203285,457355,58.061283663,5.523458,8.226428198683012,1046273.7452416141,1047036.0313553981
256-pre,4,15,208318475,3.471793355720165,1.603575655,0.460458,202866,203090,456852,58.054328448,6.262292,8.265355479016899,1045637.977464956,1046792.5470180213
256-pre,5,0,214805195,3.580064864273157,1.51212046,0.490042,208862,209117,470460,58.133492398,11.20975,7.558602019974978,1044033.71084339,1045308.3735214504
256-pre,5,1,211742607,3.5290228052165893,1.5098593,0.292417,206096,206314,464142,58.140047588,4.188,7.656461312792674,1045108.0115354583,1046213.4844534902
256-pre,5,2,211491033,3.524829518517206,1.492445203,0.503042,205856,206036,463563,58.158729603,4.906625,7.577157346852006,1045132.712181438,1046046.5737555124
256-pre,5,3,210058142,3.50094878617952,1.518900026,0.523417,204635,204803,460759,58.134049751,3.276958,7.764071741579469,1046020.6686691535,1046879.4243675258
256-pre,5,4,208398940,3.47329505844932,1.528183698,0.422625,203048,203210,457173,58.126850935,4.088833,7.873719277543279,1046171.9713140192,1047006.6501059938
256-pre,5,5,207545528,3.459070860047544,1.509629647,0.422875,202175,202322,455204,58.14712285,4.928167,7.810105601187687,1045957.2671071959,1046717.7751733008
256-pre,5,6,206919726,3.4486411207665153,1.513511108,0.745417,201536,201705,453795,58.145516548,4.158917,7.8538678219020115,1045804.7496238421,1046681.7195085596
256-pre,5,7,206362922,3.439361569131997,1.525495998,0.713792,201106,201244,452768,58.13427543,5.234917,7.9374184059926245,1046389.1534611242,1047107.1912281606
256-pre,5,8,205713912,3.4285446858742965,1.497954318,0.396333,200365,200516,451140,58.162322092,5.196667,7.818704073247102,1045822.7082170311,1046610.8659738287
256-pre,5,9,205600855,3.4266606422578665,1.528814286,0.553833,200376,200496,451104,58.130970118,5.134708,7.984168353808148,1046455.238358926,1047081.9333154232
256-pre,5,10,205178258,3.4196158047857796,1.507527721,0.472542,199804,199981,449914,58.154406298,4.996791,7.889215848967306,1045617.1793918633,1046543.458349003
256-pre,5,11,204926630,3.4154236823336075,1.518547226,0.49275,199711,199864,449642,58.144241586,4.780167,7.956641205076081,1046413.798991688,1047215.4639537868
256-pre,5,12,204600340,3.409984695260791,1.509999962,0.33475,199420,199548,448955,58.152696653,4.114542,7.924474189230627,1046555.4189307799,1047227.1624551162
256-pre,5,13,204447800,3.4074422639820012,1.511121532,0.614375,199196,199362,448508,58.152038994,4.57725,7.936277084201221,1046159.8333340051,1047031.6507014895
256-pre,5,14,204346637,3.405756621743161,1.510164493,0.470042,199081,199276,448282,58.153230579,4.833333,7.935177211914945,1046073.4720275529,1047098.101836753
256-pre,5,15,204303057,3.4050304063165484,1.493705524,0.447625,198960,199195,448070,58.16885599,4.908084,7.8503675735925755,1045660.6789933642,1046895.7526743225
128,1,0,219571075,3.6595255406782097,1.76671475,3.618416,213211,213613,480469,57.864960725,3.890167,8.639551079998602,1042639.9198385489,1044605.771730689
128,1,1,215505669,3.5917691117548642,1.737791236,2.502083,209619,209902,472173,57.8962736,7.922958,8.65842249130743,1044411.9101342804,1045821.9377108265
128,1,2,215115797,3.585271409948529,1.711851265,0.519417,209342,209574,471472,57.929206537,6.046375,8.54463654148936,1044922.1491614026,1046080.1678036504
128,1,3,213707830,3.5618050026376724,1.735909066,1.742125,207921,208186,468320,57.903252901,4.453291,8.721805685945043,1044666.7947912998,1045998.246162829
128,1,4,212337959,3.538974299922938,1.726718029,0.527708,206659,206900,465437,57.917154935,8.45075,8.731596435812708,1045024.6986033053,1046243.3774528274
128,1,5,211148359,3.519147058790196,1.676523802,0.473917,205687,205859,463133,57.971490803,5.569208,8.525539737388604,1045969.4576792235,1046844.1203789606
128,1,6,210528010,3.508808353886159,1.763078601,0.595458,204975,205171,461582,57.882337533,27.32425,8.992110992229053,1045420.1812594914,1046419.8268529874
128,1,7,209939300,3.4989950980571893,1.754417443,0.988875,204541,204705,460538,57.896557618,5.473167,8.973028800725904,1046132.0316052497,1046970.815287657
128,1,8,209530204,3.492177633051538,1.741948893,0.614916,203954,204209,459355,57.908321564,2.677375,8.926652797439175,1045166.4523368478,1046473.2050621972
128,1,9,208911397,3.48186334826914,1.707478456,0.441917,203410,203623,458074,57.944223393,4.566375,8.77592634061101,1045466.296029029,1046561.0520442405
128,1,10,208744377,3.4790801980837456,1.750968878,0.513041,203367,203525,457892,57.900883502,4.212458,9.006654664671295,1046081.6078480907,1046894.3301385312
128,1,11,208605069,3.476759088599919,1.735332894,0.422666,203061,203253,457280,57.917808487,5.012417,8.932187102561532,1045205.1312485796,1046193.4026803155
128,1,12,208224284,3.470411905517938,1.743045828,0.504166,202964,203088,456925,57.909514389,2.821542,8.988294596187975,1046616.3282200841,1047255.7540527405
128,1,13,207953399,3.4658981281939343,1.693202751,0.43675,202475,202694,455976,57.959680661,4.389666,8.742644356876118,1045454.7839076197,1046585.5634985606
128,1,14,207773997,3.4629073952508995,1.685471315,0.390208,202241,202480,455484,57.968047513,4.274625,8.710238384968735,1045148.20604613,1046383.3187149016
128,1,15,207804871,3.4634227711576044,1.70429737,0.902,202354,202573,455697,57.949332767,3.359458,8.806219786360074,1045576.8048560133,1046708.3926687744
128,2,0,216931256,3.615529369568529,1.632476552,0.457208,210956,211208,475164,58.005522901,2.745958,8.080248014521755,1044166.1768820626,1045413.4980133615
128,2,1,213624693,3.5604193829226425,1.629027425,0.403833,207894,208093,468179,58.013594248,3.313709,8.187980771799275,1044937.6409807457,1045937.8747082951
128,2,2,213448064,3.557476093402153,1.627264251,0.315875,207724,207959,467832,58.015618638,3.630375,8.185886778522075,1044947.1523366733,1046129.3103001206
128,2,3,212263016,3.5377240677435364,1.655744703,0.431541,206697,206858,465415,57.98962022,3.114666,8.37565757323244,1045585.8866875236,1046400.3122851698
128,2,4,210744735,3.512420562728665,1.635774991,0.561041,205239,205421,462149,58.013930855,4.378,8.334253391857802,1045690.1721219085,1046617.4598758256
128,2,5,209765243,3.4960956574263893,1.647504495,0.575917,204405,204564,460218,58.002174555,2.68925,8.433210651153962,1046303.9271702415,1047117.8129578693
128,2,6,208905705,3.4817695259519414,1.658943293,0.689625,203571,203689,458299,57.992229523,2.898416,8.526702501199699,1046322.2957625978,1046928.7968403543
128,2,7,208190790,3.4698548276515866,1.646879888,0.4045,202803,202957,456625,58.006180724,3.1645,8.493765813800099,1045954.3533730382,1046748.6067638631
128,2,8,207868221,3.464477278954558,1.634244778,0.406875,202477,202654,455917,58.018898456,3.176333,8.441679831339853,1045893.510090934,1046807.802337886
128,2,9,207455353,3.4575976301542335,1.649413062,0.465375,202134,202289,455108,58.00459486,4.094875,8.536987665588486,1046199.7085821931,1047001.9534040946
128,2,10,207083497,3.4513996699325635,1.657387487,0.459083,201724,201864,454182,57.996358802,3.793042,8.593665304802904,1045952.4725168032,1046678.3819086077
128,2,11,206906100,3.4484430463671085,1.656065448,0.483959,201557,201714,453822,57.998990213,2.871791,8.594172597129313,1045982.6018661025,1046797.3553526745
128,2,12,206636626,3.443951515557577,1.657382014,0.553917,201345,201479,453309,57.99847975,4.701875,8.612221469281799,1046245.0521877956,1046941.3537447907
128,2,13,206464201,3.4410777017402006,1.649621604,0.4385,201122,201293,452858,58.006002978,3.171709,8.57905487445141,1045959.0673858661,1046848.3733818436
128,2,14,206385900,3.4397720515327057,1.639647012,0.545792,201037,201215,452676,58.015439537,2.677625,8.530415950803954,1045913.674681691,1046839.7362230656
128,2,15,206220656,3.437019239463162,1.63098835,0.391167,200807,201004,452194,58.024277191,3.40275,8.492167757684518,1045554.2070042101,1046579.9390692268
128,3,0,215056799,3.5842882271962555,1.551038012,0.565541,209129,209411,471082,58.087127187,30.239917,7.744067575832438,1044145.3372106408,1045553.3149903528
128,3,1,211789537,3.529834205929901,1.532454544,1.676542,206068,206270,464082,58.114274699,32.030584,7.769319299619831,1044734.4723551286,1045758.582665394
128,3,2,211486586,3.5247845990843216,1.538427674,1.976,205831,206048,463549,58.106927319,30.352833,7.810774990584213,1045027.7606530752,1046129.4947167571
128,3,3,210268550,3.5044835431971286,1.552770091,0.421375,204703,204902,460977,58.095157738,30.336125,7.92926088929127,1045321.1980501696,1046337.3967302671
128,3,4,208762686,3.4793855806789984,1.529014567,0.596291,203314,203485,457803,58.120634855,31.986667,7.864273647509738,1045717.2657988124,1046596.7805024313
128,3,5,208073027,3.467891239299498,1.563836817,0.607083,202719,202853,456408,58.088702471,30.347583,8.070036854531532,1046112.8573837492,1046804.3521271597
128,3,6,207129228,3.452162200261354,1.564138358,0.50025,201851,201973,454429,58.088266513,30.201125,8.108371714238634,1046379.9001665955,1047012.338687189
128,3,7,206744527,3.4457496973160007,1.56890593,0.371875,201519,201631,453661,58.084782891,31.954292,8.148220121747727,1046602.6925619947,1047184.3722128809
128,3,8,206246993,3.4374579613595424,1.558778035,0.543292,200948,201095,452433,58.094489791,30.437167,8.115149443715943,1046154.7531466411,1046920.0493860291
128,3,9,205902267,3.4317122857430524,1.563251862,0.406875,200646,200781,451732,58.091637664,30.278916,8.152066172614196,1046331.3743811476,1047035.3741396349
128,3,10,205635422,3.4272633166494137,1.544545426,0.577167,200413,200551,451204,58.110876096,32.042458,8.06496763463299,1046472.5292965918,1047193.10734813
128,3,11,205532802,3.4255544645901197,1.562598153,0.348291,200239,200400,450854,58.093464406,21.023541,8.163305198268308,1046086.0115940812,1046927.1057259269
128,3,12,205272735,3.4212198337039643,1.561775919,0.385417,200013,200161,450326,58.093490153,32.041917,8.169346620467332,1046229.1713690666,1047003.3306355274
128,3,13,205011445,3.416864876821648,1.556627952,0.932125,199661,199838,449587,58.099700764,30.29375,8.152796232765757,1045719.0149635987,1046646.0476121808
128,3,14,205018057,3.4169751340119614,1.568162147,0.395458,199778,199924,449791,58.088031213,32.042541,8.212941380317227,1046298.0542005234,1047062.7005375238
128,3,15,204900718,3.415020105797919,1.529828259,0.625333,199555,199735,449351,58.125938719,32.034459,8.01676344162642,1045728.6425336977,1046671.8970532841
128,4,0,212663343,3.5443964341592378,1.665143432,0.653625,206888,207122,465967,57.973441811,2.858875,8.407345246600869,1044581.992128808,1045763.4631960432
128,4,1,209741896,3.4957062485292676,1.625875161,2.055458,203950,204227,459421,58.013877955,2.803666,8.323421282357597,1044091.0909129953,1045509.15039906
128,4,2,209296849,3.488289188560719,1.622742559,0.553,203800,203985,458920,58.023179641,3.324084,8.325049151519178,1045541.7020215149,1046490.7953231537
128,4,3,208122086,3.4687096426128208,1.630180319,0.480416,202646,202843,456337,58.018946046,3.585041,8.410413439599878,1045489.6443153275,1046506.0051609899
128,4,4,206752787,3.445887766306659,1.638017976,0.541,201491,201612,453616,58.012598532,4.063583,8.50681838351726,1046415.4655365492,1047043.8621961018
128,4,5,206112623,3.4352179408128034,1.670384437,0.399333,200845,200980,452182,57.98174181,2.656125,8.701852443872848,1046300.1901697209,1047003.4714347408
128,4,6,205597726,3.4266365337094764,1.625929841,0.483084,200319,200453,451003,58.027575652,3.622584,8.491479488306062,1046173.4797682344,1046873.2997867495
128,4,7,205018685,3.4169858285012116,1.640718245,0.354417,199764,199903,449757,58.01387594,3.668875,8.592913377902013,1046221.527220975,1046949.5102023116
128,4,8,204654120,3.410910186184447,1.653042108,0.444958,199406,199562,448969,58.001946563,3.233542,8.672879139656338,1046206.9473927229,1047025.4196743657
128,4,9,204316437,3.4052820091674216,1.657010332,0.687833,198979,199158,448055,57.998099612,3.7275,8.708067360574253,1045692.052655049,1046632.7492985403
128,4,10,203950810,3.399187361613249,1.661830577,0.333708,198728,198857,447414,57.995220521,3.017042,8.749055691060763,1046245.2451150941,1046924.3926766851
128,4,11,203818337,3.396979756688798,1.626807463,0.494083,198417,198632,446845,58.030489132,4.502417,8.570235820432744,1045286.8698099917,1046419.5181063027
128,4,12,203680136,3.3946762884652917,1.646381391,0.393917,198453,198605,446821,58.010339667,3.130542,8.679238891376217,1046185.8990425655,1046987.1983761833
128,4,13,203485128,3.391426148089988,1.626065095,2.694667,198182,198374,446271,58.028288769,2.955083,8.580352373702874,1045758.4996775194,1046771.6372578148
128,4,14,203418007,3.39030695378569,1.641141969,0.415917,198191,198343,446233,58.015739284,3.201667,8.662766867227303,1046151.0707868846,1046953.4026927714
128,4,15,203337878,3.3889721455549227,1.61194768,0.494792,198118,198263,446060,58.044546669,2.992333,8.512017825403728,1046177.8433983264,1046943.5274214478
128,5,0,214589689,3.5765028637981104,1.738564591,0.434958,208713,208965,470106,57.898910975,7.370667,8.699250759817048,1044336.6517601506,1045597.583452204
128,5,1,211008735,3.516820397300587,1.699105472,0.393709,205209,205462,462224,57.946047929,58.233166,8.646090450585664,1044229.2162038505,1045516.6353311772
128,5,2,210795820,3.5132698734434427,1.713294708,0.489792,205052,205322,461875,57.931645313,2.860667,8.727099924550057,1044484.2240934758,1045859.5373823257
128,5,3,209712560,3.4952166732883474,1.728575715,0.717417,204096,204296,459628,57.915336816,6.33375,8.85041907430916,1044984.6747905992,1046008.6876813864
128,5,4,207903072,3.4650594006405817,1.695484633,0.472333,202391,202621,455806,57.95191493,3.7125,8.756545754174285,1045274.0279911978,1046461.8922066914
128,5,5,207411903,3.456873576954823,1.738694685,0.431541,202035,202194,454903,57.911910342,6.337333,9.00097427123556,1045906.36445701,1046729.4847675931
128,5,6,206904235,3.4484106985410405,1.741775088,0.417833,201568,201729,453847,57.909944209,4.009167,9.039045334122235,1046049.1153312159,1046884.6343995617
128,5,7,206117485,3.4352997758961212,1.715214131,0.381375,200747,200918,452023,57.937949732,5.120833,8.935181552261396,1045764.9914684724,1046655.7933909973
128,5,8,205791778,3.429870912534281,1.729668146,0.399291,200445,200625,451348,57.924189443,8.454167,9.02473873373473,1045844.4064353241,1046783.576747172
128,5,9,205128926,3.4188234675684823,1.710706085,0.330125,199794,199974,449885,57.944799791,6.581583,8.954644807314006,1045816.297913323,1046758.5030527386
128,5,10,205254809,3.4209209523440793,1.755100595,0.387125,200012,200154,450313,57.897837251,2.928,9.181392257556242,1046315.3128942669,1047058.1521960638
128,5,11,204959051,3.415991641581751,1.731337732,0.376458,199682,199842,449599,57.923699927,2.884125,9.070151941314869,1046096.348777337,1046934.5586099927
128,5,12,204690011,3.411508200377604,1.720298797,0.420542,199377,199547,448933,57.93636692,3.078375,9.024166636621002,1045871.3769068486,1046763.1454361884
128,5,13,204561820,3.4093713377521766,1.711558926,0.480417,199279,199461,448718,57.944188894,6.748292,8.983946286197106,1046012.3836642439,1046967.6988446035
128,5,14,204174361,3.4029135030763737,1.701752546,0.470541,198896,199066,447845,57.954022306,3.969667,8.949423785578464,1045983.2115076584,1046877.2322318373
128,5,15,204165935,3.4027727291560645,1.684538675,0.360375,198730,198951,447562,57.971465483,2.62725,8.859262587037565,1045153.3586321342,1046315.6335390818
64,1,0,211580515,3.526350497452877,1.691768611,0.4905,205776,206047,463516,57.94848544,4.351083,8.585491505023922,1044284.7139086697,1045660.0013934553
64,1,1,208324514,3.472083276992925,1.686695587,0.604125,202809,203005,456711,57.960201281,5.069834,8.693530882871185,1045313.8778646857,1046324.0969381068
64,1,2,207831082,3.46385904488755,1.672233384,0.534416,202265,202495,455537,57.974977602,5.668541,8.639453283940718,1044985.1289873957,1046173.404663697
64,1,3,206911570,3.448534040819393,1.698800615,0.619208,201558,201726,453836,57.950248728,5.5165,8.815714224982303,1045960.1392120895,1046831.9542895741
64,1,4,205708243,3.428479059299044,1.706302034,0.49025,200371,200533,451162,57.945785911,4.195708,8.906438709323233,1045882.8478579927,1046728.4443832034
64,1,5,204855701,3.4142697637717743,1.70008112,0.6045,199558,199732,449340,57.954278283,4.243708,8.910897738387876,1045974.1655605279,1046886.1786334567
64,1,6,204334839,3.405588880173127,1.715369859,0.69825,199159,199288,448370,57.938372599,4.227209,9.013951660183032,1046543.7463946909,1047221.6175593629
64,1,7,203912287,3.3985459899648767,1.714638547,0.592,198734,198856,447409,57.940400907,4.448542,9.028779717214833,1046474.495432519,1047116.911367602
64,1,8,203631930,3.393873532167359,1.722819317,0.425209,198445,198587,446783,57.932536611,4.282416,9.084347213415962,1046391.380092896,1047140.1395777568
64,1,9,203399620,3.3900015766703455,1.710003097,0.490583,198147,198313,446154,57.945498899,4.317834,9.027066247313682,1046013.3662006252,1046889.6763077138
64,1,10,203011863,3.3835390577091036,1.739730319,0.558167,197735,197902,445236,57.910996056,4.4205,9.201537183032313,1045832.1815835955,1046715.4545212365
64,1,11,202722302,3.378712522812759,1.714998595,0.715333,197514,197698,444741,57.941956171,4.092708,9.083685916080103,1046155.4576542644,1047130.0346675819
64,1,12,202527068,3.375458221795599,1.704054322,0.818708,197327,197485,444293,57.952263214,4.120417,9.03441902343327,1046172.5190454443,1047010.1908187403
64,1,13,202502217,3.3750428000741866,1.684925007,0.666167,197051,197270,443796,57.970914637,4.771458,8.934097004574486,1044837.4506488687,1045998.6698342172
64,1,14,202176966,3.369624018616444,1.703321581,0.593625,196876,197082,443353,57.952625318,4.013292,9.046172061170923,1045588.9190751037,1046682.9646536886
64,1,15,201957085,3.3659591022732833,1.68338328,3.359875,196472,196744,442558,57.968618589,4.027333,8.950015462732107,1044579.3651900254,1046025.5029976097
64,2,0,211810050,3.530175089876443,1.67266202,0.617416,205911,206179,463839,57.968189981,5.922042,8.479329324979265,1043837.4039459601,1045195.9929686812
64,2,1,208658719,3.4776536050744253,1.690372636,0.436333,203003,203261,457243,57.956434371,38.171583,8.698528420556094,1044637.9261892814,1045965.5744750546
64,2,2,208051595,3.4675335761927117,1.699435263,1.030125,202491,202714,456036,57.943933333,13.334917,8.77068363289183,1045043.9261644882,1046194.8158116067
64,2,3,206809320,3.4468300426034326,1.674889423,0.504917,201385,201568,453480,57.974497711,7.591416,8.695927359803356,1045579.0736425224,1046529.1988776522
64,2,4,205580467,3.426348483315906,1.671023048,2.584583,200158,200349,450734,57.980209706,40.605667,8.72771310275095,1045420.4095576453,1046417.9979539398
64,2,5,205171368,3.41953089288978,1.709830602,0.760833,199818,199985,449930,57.942986497,5.191916,8.948210694401073,1045725.5604399538,1046599.5366012279
64,2,6,204543206,3.4090601946360524,1.713730198,0.485208,199314,199451,448738,57.939584885,4.225459,8.99616186051372,1046291.3048734359,1047010.481192047
64,2,7,203886843,3.398121978951284,1.716881671,0.613958,198620,198778,447211,57.937466958,3.714625,9.041719563099557,1046004.7247034964,1046836.8098233391
64,2,8,203582213,3.3930445742343682,1.710272001,0.807666,198201,198405,446345,57.944784098,5.748166,9.02038813130433,1045360.005289971,1046435.9506236431
64,2,9,203062675,3.3843847418425628,1.705181806,0.561792,197810,197977,445399,57.950923039,5.963417,9.016551282140128,1045967.0651213474,1046850.1170392245
64,2,10,202811377,3.380196996763443,1.691604103,0.564334,197648,197789,444987,57.964056526,3.605291,8.955839173860074,1046405.4195044098,1047151.9141016236
64,2,11,202336730,3.372286308567984,1.679823378,0.493583,197149,197289,443872,57.975982118,7.66625,8.914331164151767,1046212.0587783345,1046954.9978154534
64,2,12,202340292,3.372345281925092,1.698714504,0.435125,197129,197262,443826,57.957573447,5.780666,9.014422149693326,1046087.5089737243,1046793.2886342183
64,2,13,202179919,3.369673403882836,1.699329326,0.779667,196901,197089,443386,57.95732164,3.665625,9.02483777370556,1045706.4179921054,1046704.8527719313
64,2,14,201962265,3.3660455480055194,1.697742841,3.204542,196578,196823,442744,57.955198457,3.609375,9.026129186946294,1045116.127402671,1046418.6813568961
64,2,15,201932778,3.365552806735426,1.663237451,0.589792,196534,196768,442638,57.995664513,4.980625,8.843970909873041,1045034.777058413,1046279.0306625307
64,3,0,211975488,3.5329326902163416,1.750167122,0.557417,205988,206373,464150,57.882755114,5.677083,8.865306340896879,1043412.7687542439,1045362.949910284
64,3,1,208389614,3.473168568937899,1.716506394,0.45,202569,202864,456346,57.92297923,4.710125,8.84441729615768,1043750.7098883345,1045270.7176852681
64,3,2,207565675,3.459434777878976,1.67478869,0.590792,201838,202126,454676,57.967406336,10.779083,8.66371890639033,1044112.4346427318,1045602.2650075644
64,3,3,206937338,3.448963565949535,1.745552103,0.483708,201375,201622,453555,57.895893578,16.242333,9.057197299804137,1044880.3579758042,1046161.9741070024
64,3,4,205850555,3.430850531470398,1.733581817,0.580042,200412,200618,451323,57.909615679,3.199459,9.042576068054876,1045373.6519266999,1046448.1732742086
64,3,5,205111890,3.418539476592112,1.751241105,0.665709,199673,199871,449656,57.893931836,4.676709,9.167585644822811,1045269.7365498997,1046306.2482857722
64,3,6,204329872,3.405506096639734,1.728790535,0.611459,199118,199272,448311,57.918004955,5.7115,9.084695664884652,1046353.7338839619,1047162.9951010197
64,3,7,203963666,3.3994027618700997,1.752664423,0.820542,198568,198776,447176,57.895470756,3.388208,9.226687925936414,1045336.9989340749,1046431.9895457459
64,3,8,203117329,3.385295643679548,1.761526692,1.224125,197723,197945,445293,57.884638462,4.544417,9.311981860950752,1045225.7112279771,1046399.2727655453
64,3,9,202662585,3.3777164491376244,1.712119282,0.545583,197249,197496,444259,57.938291081,15.088625,9.071107430906649,1045059.7037542771,1046368.3529582138
64,3,10,202446278,3.3741114377913997,1.740632002,0.541875,197077,197308,443846,57.909026388,4.434667,9.232026388453788,1045264.0549333686,1046489.2410113462
64,3,11,202115895,3.3686043696312713,1.720214855,0.433042,196765,196997,443142,57.930297774,15.163958,9.138651050079934,1045315.1643484547,1046547.6656476128
64,3,12,201941617,3.3657010212089133,1.719560002,0.492125,196625,196856,442819,57.931155043,8.653083,9.143055901275286,1045472.8910286977,1046701.1389006755
64,3,13,202075899,3.3679381052147015,1.756829863,0.665292,196758,197010,443139,57.891815137,3.288666,9.335015758387348,1045484.8641133201,1046823.8804976935
64,3,14,201923233,3.3653946766248666,1.712130013,0.643416,196432,196696,442461,57.939764815,6.5435,9.104378806592125,1044541.7837182113,1045945.6233721456
64,3,15,201667103,3.3611252736401442,1.725183302,0.470458,196192,196467,441930,57.926621241,4.573708,9.185441938062763,1044590.5792290178,1046054.7694574062
64,4,0,206793765,3.4465703898976976,1.771966298,0.580708,200788,201139,452450,57.854959838,3.14625,9.20063680295703,1042557.899931422,1044380.4083625829
64,4,1,203232987,3.38722265990821,1.738839089,0.539459,197546,197841,445040,57.894282097,3.181958,9.186816976052015,1043695.7380540984,1045254.3129820948
64,4,2,203195979,3.386607552084288,1.755624249,0.488625,197537,197824,445005,57.879160429,3.732125,9.27718743578036,1043838.2675254021,1045354.852179314
64,4,3,201977391,3.366296807013401,1.753324598,0.531416,196464,196740,442551,57.882731268,3.090667,9.32093410356304,1044431.8181649153,1045899.0751779737
64,4,4,200707873,3.345138631723967,1.744935032,0.679625,195269,195519,439824,57.893154362,5.449833,9.335008617331013,1044645.0809164621,1045982.524495469
64,4,5,199866601,3.3311176227185717,1.755708332,0.431792,194457,194717,438005,57.88588403,3.783,9.432178550000346,1044679.8655947924,1046076.6616219585
64,4,6,198800484,3.313348523699326,1.76262818,0.656875,193322,193614,435506,57.879968154,4.083833,9.520135760972295,1044151.9694656678,1045729.0914439424
64,4,7,198194387,3.3032470504768443,1.750914548,0.4695,192925,193137,434484,57.892376244,4.247,9.485789223877745,1045194.2889543083,1046342.8243398638
64,4,8,197683828,3.294737934739319,1.770915056,0.55625,192410,192618,433326,57.873711477,7.113416,9.61892321499613,1045096.4373061412,1046226.21257229
64,4,9,197165966,3.286107319990901,1.750466954,0.63225,191823,192071,432065,57.894884634,3.580292,9.532829717881858,1044644.682263023,1045995.2600415023
64,4,10,196605654,3.276767398922008,1.757109621,0.552792,191326,191582,430942,57.889450057,3.7055,9.5962758498313,1044907.5295597755,1046305.6475759746
64,4,11,196076783,3.2679526469092397,1.748926459,0.358584,190772,191026,429703,57.899086887,6.460916,9.577347493142629,1044692.1461789181,1046083.0830309165
64,4,12,195914024,3.265241297809007,1.766360327,0.532375,190593,190848,429306,57.879637928,4.268208,9.68085347149123,1044579.0009480485,1045976.574023879
64,4,13,195727536,3.26213299416812,1.734636821,0.727959,190442,190681,428943,57.913002033,3.503125,9.516045326182931,1044745.8984320326,1046057.0286959725
64,4,14,195391087,3.2565253352978267,1.745698463,0.533166,190002,190296,428035,57.901825547,3.367292,9.593218813587011,1044126.9209155277,1045742.5529338705
64,4,15,195246409,3.2541139757174133,1.713352025,0.565959,189870,190182,427754,57.933608362,3.629875,9.422440791101021,1044174.6978449166,1045890.5165931528
64,5,0,203237500,3.3872983848084632,1.808786545,4.243667,197131,197569,444354,57.812853609,7.646167,9.556158504483465,1041480.0393969814,1043794.075531612
64,5,1,199874559,3.331249812187096,1.739948782,0.611125,194334,194610,437777,57.896941642,7.2875,9.347141468120805,1043977.5060377544,1045460.1997077577
64,5,2,199171908,3.3195391583118012,1.769460297,0.492125,193675,193960,436296,57.869565509,13.524875,9.53921436951019,1044107.825503183,1045644.2691859938
64,5,3,198123130,3.3020589909219145,1.776599839,0.444,192670,192945,434020,57.865952353,15.521542,9.628404071982743,1044188.2138147121,1045678.5950821593
64,5,4,197227373,3.287130717661544,1.781994173,0.47225,191774,192063,432023,57.861156768,14.418916,9.701501594681746,1044052.6658324248,1045626.0345916182
64,5,5,196278806,3.271320902849395,1.766704389,0.386333,190773,191086,429813,57.877649066,13.582,9.664743900641344,1043622.3511057633,1045334.6153983838
64,5,6,195331350,3.2555297706831543,1.807882425,1.90075,190014,190292,428029,57.837166785,48.777917,9.937979605409184,1044512.2042392888,1046040.3779147996
64,5,7,194888345,3.248145850303855,1.796866111,0.548541,189731,189941,427287,57.850193746,8.332125,9.899875210643954,1045327.3129767919,1046484.312811954
64,5,8,194310718,3.2385191453841053,1.78291144,0.667834,189054,189299,425826,57.86512807,8.02275,9.852192412855304,1044693.7198518097,1046047.5656385357
64,5,9,193907508,3.2317981558697064,1.771434201,0.499625,188631,188918,424924,57.876570686,7.192541,9.809125029226422,1044523.7324330113,1046112.9638488882
64,5,10,193453822,3.224236976352468,1.779216649,1.536625,188118,188398,423780,57.867836255,10.138583,9.875324820351329,1044125.9953356311,1045680.101155882
64,5,11,193027219,3.217125946637073,1.781818429,0.369542,187778,188060,422998,57.868245476,13.492459,9.91162272296569,1044542.2840965864,1046110.9498833944
64,5,12,192804023,3.2134078812850566,1.765641086,0.52,187547,187810,422462,57.8841994,7.774083,9.833003745004744,1044465.0206584538,1045929.6897837033
64,5,13,192346932,3.2057875964091207,1.749239349,0.425958,187004,187338,421336,57.902146138,8.105166,9.764811061336983,1043915.8762110955,1045780.3705676574
64,5,14,192144116,3.202408071282137,1.756465174,0.533583,186911,187171,421026,57.895212497,6.082916,9.815497653455271,1044498.0686562579,1045951.003464004
64,5,15,191987044,3.1997910528771323,1.746231091,0.474,186812,187088,420806,57.904714866,8.160334,9.766291087724909,1044798.9272916146,1046342.5353249983
32,1,0,203099296,3.384996503491492,1.784881397,2.711292,196924,197373,443918,57.830586359,10.10875,9.4362799112728,1041094.3765623688,1043468.1419494039
32,1,1,200488220,3.3414780187327766,1.767529461,0.629084,194609,194993,438585,57.862046618,9.23075,9.466243490155566,1042254.8647836567,1044311.4288072985
32,1,2,200037189,3.3339611515067635,1.785302124,0.559209,194400,194710,437983,57.845825596,8.004,9.582985886763456,1043483.0224773855,1045147.0128938875
32,1,3,198724023,3.3120742261608234,1.762799283,0.4505,193155,193440,435147,57.87021814,8.852584,9.52472322621162,1043651.3858957052,1045191.2924214503
32,1,4,197762198,3.296044379037624,1.770548678,0.624542,192282,192560,433159,57.86520649,8.065167,9.613122154904996,1043987.3114798613,1045496.701191802
32,1,5,196520535,3.2753492374117066,1.791336227,4.98525,191147,191413,430573,57.846756237,6.257667,9.787438385389384,1044382.0969250262,1045835.4581484932
32,1,6,195192989,3.2532234777638105,1.757822167,2.857458,189691,190022,427402,57.880957852,8.430291,9.669646381931335,1043475.7999242689,1045296.6058126607
32,1,7,195188998,3.253157069392935,1.774667149,0.5975,189764,190058,427510,57.865320325,8.388417,9.762508958420597,1043898.7113891327,1045516.0161526727
32,1,8,194377047,3.239624523180209,1.786513878,0.661791,188931,189251,425672,57.851160814,9.377416,9.868730385460756,1043657.7758594305,1045425.4608252383
32,1,9,193545970,3.225773263367846,1.764649893,0.644583,188155,188472,423914,57.876123427,11.263334,9.7898106317131,1043834.1490381846,1045592.78115131
32,1,10,193317516,3.2219657957236105,1.759452403,0.642125,188015,188292,423538,57.884543231,8.389875,9.77251141815004,1044290.1047795379,1045828.6435079582
32,1,11,192678707,3.2113192228895326,1.745052202,0.569875,187304,187629,422008,57.900124445,9.630834,9.724663215384233,1043790.1610087927,1045601.2905219257
32,1,12,192355924,3.205937516760445,1.7885425,2.815584,187003,187337,421336,57.852289631,8.619083,9.983747036829081,1043861.4945566844,1045725.9017543333
32,1,13,192399322,3.2066616731012907,1.75373126,0.439416,187083,187405,421494,57.890554667,8.31125,9.787220569926012,1044072.5028095058,1045869.5198869776
32,1,14,192045764,3.2007702017971376,1.749636154,0.600916,186666,186997,420583,57.896804424,5.892834,9.7823428968332,1043663.1724862413,1045513.8175426145
32,1,15,191343657,3.189068603764649,1.696312595,0.623542,186016,186340,419105,57.95029148,9.223875,9.519007885531702,1043845.2063931442,1045663.360997433
32,2,0,200280775,3.3380207610154553,1.725058685,0.525334,194320,194727,437979,57.908016329,22.239542,9.248354760655094,1041785.0202530922,1043967.0216077804
32,2,1,197443263,3.290728728367033,1.706453084,1.341792,191861,192160,432260,57.929897156,16.221667,9.280083904329445,1043384.1953597779,1045010.2260508124
32,2,2,197295927,3.2882714784977107,1.705491278,1.817833,191960,192207,432370,57.932179823,17.110958,9.28177962668135,1044702.1571562397,1046046.4030033828
32,2,3,196016863,3.2669550128661955,1.74012259,6.431292,190600,190925,429415,57.895849655,49.557458,9.532049310319817,1044069.3138446971,1045849.5999254921
32,2,4,194953812,3.2492371858599496,1.71011584,0.552875,189661,189900,427192,57.932268938,17.873584,9.418758640599918,1044590.7468670785,1045907.080686373
32,2,5,193997560,3.2332995104839637,1.701713015,2.518083,188799,189020,425216,57.943707228,52.984583,9.418677413523342,1044968.723469388,1046191.9189730015
32,2,6,193463125,3.22439261781018,1.698737753,0.489916,188286,188522,424074,57.945863117,18.440917,9.428183140347192,1045008.2054327615,1046318.0316358893
32,2,7,192691302,3.2115294611961978,1.702009466,4.129625,187506,187718,422302,57.945137585,17.847834,9.484178733132987,1044847.5481832803,1046028.8846749917
32,2,8,192035836,3.200604894774999,1.71978747,0.663,186894,187116,420928,57.92837491,17.091875,9.615953841709759,1044991.9589729909,1046233.2412768209
32,2,9,191663947,3.1944056651982806,1.707113559,0.60525,186580,186801,420208,57.941031633,21.531333,9.563609929288326,1045260.4814713536,1046498.5700467913
32,2,10,191092963,3.1848895641792296,1.713148669,0.545208,186026,186232,418945,57.935504537,18.026334,9.626096888953636,1045270.8117327377,1046428.315453814
32,2,11,190626691,3.177118188614863,1.698792195,0.5455,185441,185712,417726,57.952164888,17.13825,9.568776651829221,1044532.4132725149,1046058.8733541411
32,2,12,190453475,3.1742318840666663,1.690138959,0.468875,185274,185518,417323,57.959911715,17.960417,9.528694021729565,1044540.8922035999,1045916.5195323005
32,2,13,190312662,3.171883885173576,1.687731864,0.594834,185154,185417,417068,57.963579734,17.130666,9.522163533576553,1044636.7130364452,1046120.5559754506
32,2,14,189882494,3.1647151429613953,1.668070139,0.456167,184575,184889,415856,57.983775213,18.54,9.432552921965483,1043729.1663379985,1045504.7641070903
32,2,15,189706532,3.1617832797023686,1.665143582,0.646625,184471,184770,415590,57.984490565,17.845,9.42473771519145,1044108.6341460504,1045800.9786425277
32,3,0,202493115,3.3748928997572394,1.894009066,4.458333,196485,196902,442860,57.73308388,4.620792,10.043189612641282,1041883.1390323567,1044094.3270058738
32,3,1,199499148,3.3249928379015072,1.822554507,0.649,193861,194209,436811,57.811675902,7.888083,9.809330116465464,1043396.2542159028,1045269.2554717878
32,3,2,199122248,3.3187112132505883,1.81474577,0.770708,193592,193911,436152,57.821083836,6.985083,9.785789648056225,1043920.6531648237,1045640.8207769128
32,3,3,198065253,3.3010943172433502,1.843540719,0.640042,192567,192828,433786,57.794512345,8.130292,9.994114284333008,1043934.9592641976,1045349.8799119097
32,3,4,196962153,3.282709607825657,1.849300795,0.899292,191324,191698,431143,57.787691349,8.2465,10.081488136190053,1043005.357150904,1045044.2231769877
32,3,5,196155193,3.2692606814785563,1.848293389,0.558375,190716,191015,429655,57.793974823,8.071708,10.11744774349156,1043968.0060164606,1045604.7141783292
32,3,6,195111697,3.2518682287987315,1.871266356,2.206584,189609,189963,427241,57.765193976,10.834458,10.297983058807967,1043459.2935082513,1045407.4319927216
32,3,7,194530461,3.2421809424345827,1.86166853,0.882083,189176,189455,426158,57.780738899,8.104084,10.27577559221226,1044187.024761248,1045727.009642567
32,3,8,193893186,3.2315608018865776,1.854697488,0.785417,188620,188868,424859,57.790128854,4.071666,10.270945074538814,1044539.9708006242,1045913.3453778618
32,3,9,193328845,3.222154451703886,1.87043013,0.885833,187941,188263,423438,57.771905073,3.821791,10.38830527048748,1043817.9162782667,1045606.2933170267
32,3,10,192699866,3.211671606066587,1.83634208,0.554458,187511,187737,422328,57.810648196,8.083833,10.23227122777114,1044828.9733634999,1046088.2666741865
32,3,11,192654094,3.210909005272529,1.839191257,0.477834,187532,187776,422377,57.807856507,8.053958,10.25058193144877,1045194.2523389511,1046554.166367334
32,3,12,192296800,3.204953610732823,1.83293408,0.504333,186865,187187,421033,57.814865682,3.790417,10.234689200917343,1043411.8817461341,1045209.856893552
32,3,13,191905887,3.198438646486955,1.834629262,0.787458,186635,186925,420446,57.814873503,4.125333,10.265022094625236,1044250.4315786832,1045873.024474752
32,3,14,191791460,3.19653104604853,1.831463922,0.769708,186543,186845,420246,57.81779727,3.458167,10.25342532038952,1044358.3936137302,1046049.1364176486
32,3,15,191366509,3.1894486739813157,1.794536223,0.490708,185955,186325,419034,57.854143019,6.307958,10.068995914630447,1043378.2897817298,1045454.3295075734
32,4,0,200325978,3.338772866253304,1.690301305,0.460834,194498,194858,438299,57.944391013,12.971042,9.059969278374272,1042504.0195453432,1044433.609808669
32,4,1,196818733,3.2803196520578783,1.661626358,0.383625,191381,191635,431102,57.977644192,6.752958,9.06497917779705,1044076.3482556511,1045462.0416758806
32,4,2,196548121,3.2758100969982396,1.663722951,0.287417,191098,191369,430487,57.974892432,13.099084,9.0889137324157,1043967.8285337157,1045448.3007601787
32,4,3,195572795,3.259554351937872,1.68701274,0.739,190256,190504,428542,57.95606152,7.314834,9.262106912972419,1044551.3368408117,1045912.9166676583
32,4,4,194476195,3.241277911818849,1.695806567,0.336791,189205,189462,426181,57.948855359,6.892208,9.362885963507042,1044638.5060645597,1046057.4542744833
32,4,5,193468974,3.224489134012326,1.692369208,0.448417,188331,188520,424119,57.954228572,7.3445,9.392553042015694,1045226.3599420546,1046275.2992140228
32,4,6,192547014,3.2091243879569054,1.663063413,0.444416,187362,187589,421994,57.984385684,7.396791,9.274102492715286,1044827.5018603405,1046093.3713692179
32,4,7,191977560,3.199633892430268,1.666016902,0.409875,186870,187079,420852,57.982893268,7.693208,9.31813086471309,1045174.9394610495,1046343.8887966698
32,4,8,191003589,3.183401002389139,1.655254269,0.784333,185856,186072,418593,57.996677679,7.001166,9.305143150895697,1044804.2441827834,1046018.5053136776
32,4,9,190904715,3.18175224985495,1.667390944,0.418833,185764,185999,418404,57.983283619,6.88275,9.378225118911505,1044827.9194860954,1046149.6748373973
32,4,10,190556933,3.1759560821671196,1.679194976,0.487792,185597,185786,417939,57.969487176,5.978042,9.461853987657726,1045793.8117052293,1046858.7805916461
32,4,11,190076141,3.167942336012239,1.663928815,0.446167,185137,185308,416884,57.988343979,6.836542,9.399548788315618,1045840.5722256745,1046806.5527582023
32,4,12,189845619,3.1641014547835886,1.680593823,0.384083,184784,185008,416175,57.971703009,6.662666,9.50521737829069,1045113.9734018092,1046380.8879076215
32,4,13,189721832,3.1620369628084912,1.675938284,0.440416,184683,184895,415930,57.976675504,8.74375,9.485070911467847,1045224.2590709961,1046424.0854920693
32,4,14,189427279,3.1571289990138975,1.670112044,1.992833,184359,184591,415230,57.982683517,8.58525,9.466794655319566,1045012.999056044,1046328.0583467812
32,4,15,189173480,3.1528986375485104,1.631992496,0.349834,183966,184238,414422,58.020479494,8.633125,9.263130325716654,1044184.3560417877,1045728.2181948125
32,5,0,199106216,3.3184440126805606,1.651978918,0.785125,193219,193632,435496,57.973205378,12.53375,8.908807029022471,1041993.1916714042,1044220.4218514605
32,5,1,196415940,3.2736063656143224,1.66050734,0.488916,190821,191151,429960,57.970187169,6.113459,9.077451555189402,1043156.1134880601,1044960.1157595662
32,5,2,196358034,3.2726416997960515,1.666024076,0.629958,190845,191163,429982,57.965615858,7.140208,9.110295584809913,1043594.979165864,1045333.894009715
32,5,3,194973793,3.249571232275706,1.651057154,0.477666,189526,189818,426979,57.984377372,6.995208,9.092550813042905,1043740.2371067583,1045348.3127757175
32,5,4,194091207,3.234860566693247,1.67738792,1.018542,188730,189028,425178,57.956686002,4.733583,9.27956290557957,1044082.8184633836,1045731.399398593
32,5,5,193319765,3.222003816142492,1.663965238,1.368042,188026,188319,423576,57.971155651,3.495166,9.242040355897982,1044339.0524472446,1045966.4409061122
32,5,6,192520678,3.208685239686543,1.650041445,0.676709,187311,187564,421911,57.988554174,5.405,9.202743981765407,1044685.9884591929,1046097.0404266705
32,5,7,191729423,3.195497573202873,1.659073593,0.69975,186459,186734,420036,57.981433017,5.156625,9.29130583102028,1044225.8868176743,1045765.9686526882
32,5,8,190901616,3.181701076997531,1.66319374,0.604208,185757,186008,418406,57.976071364,4.604667,9.354769841513452,1044805.5086174231,1046217.2787400186
32,5,9,190260153,3.171009790472355,1.650781432,0.628083,185007,185281,416772,57.99252298,4.519791,9.31626006745097,1044095.4161997756,1045641.7476577137
32,5,10,189887582,3.1647999431465426,1.642459367,0.79825,184720,184995,416108,58.001710023,5.214166,9.287481034797027,1044521.1194973245,1046076.139570201
32,5,11,189645323,3.16076281112594,1.629300997,0.649958,184542,184776,415652,58.014606061,4.0085,9.224844550286107,1044847.6163296049,1046172.4873195211
32,5,12,189284097,3.1547423636445546,1.634165486,0.785125,184161,184436,414842,58.009783872,5.58125,9.270043587737254,1044680.3042817907,1046240.2821472319
32,5,13,188882989,3.148057529407614,1.639097243,0.765916,183601,183907,413655,58.002930804,5.493917,9.31776478511885,1043715.3375851332,1045454.8536732866
32,5,14,188758938,3.1459894833426536,1.624000334,0.728917,183659,183889,413665,58.020547018,6.31325,9.23801065677626,1044731.1885915358,1046039.5272701523
32,5,15,188538003,3.1423070154472175,1.59451996,0.523333,183255,183556,412874,58.05239127,4.065958,9.080942531542604,1043654.6204274795,1045368.8439998168
256-post,1,0,214302363,3.5717148007012613,1.660816182,0.566542,207918,208388,468664,57.975937105,5.830417,8.32136319742492,1041753.5739558411,1044108.4647289307
256-post,1,1,211079334,3.517996874126248,1.659280383,7.91575,205044,205451,462065,57.979977578,9.141333,8.440611931103774,1043040.6160001244,1045110.9888504007
256-post,1,2,210738456,3.512315151477576,1.646196892,0.632333,204813,205141,461441,57.997866905,18.459709,8.387602751911645,1043550.7992851195,1045222.0050297037
256-post,1,3,209316050,3.488609147851802,1.634839135,0.585167,203517,203817,458474,58.008790008,7.459709,8.386338050815894,1043994.0692317097,1045532.9982684462
256-post,1,4,208404512,3.47341686953382,1.645415414,0.701333,202661,202961,456539,58.001189311,9.464459,8.477510064014712,1044150.0987927939,1045695.75893282
256-post,1,5,207578254,3.4596455238513713,1.650314315,0.578292,202001,202259,454975,57.998104522,10.186042,8.536595084576684,1044892.3141526376,1046226.8729768582
256-post,1,6,206643139,3.4440593195872835,1.63836266,0.636791,201132,201381,452999,58.011929828,6.120792,8.513123249264481,1045105.3037128322,1046399.1367211277
256-post,1,7,206081411,3.434698369364447,1.643266433,0.878042,200391,200688,451428,58.007765788,12.095333,8.561877990477237,1044093.1902061948,1045640.643322808
256-post,1,8,205679448,3.4279991414645776,1.645671952,0.59975,200179,200447,450877,58.005832404,11.45225,8.591168542255717,1045026.9420525477,1046426.0259747878
256-post,1,9,205086497,3.418115575313227,1.6120254,0.560458,199376,199712,449194,58.039750493,8.18675,8.439849130244443,1043844.1976110402,1045603.3444010115
256-post,1,10,204565392,3.4094305870996053,1.639365179,0.581417,198890,199210,448079,58.015644594,18.823291,8.604852171190064,1043952.2994943348,1045631.9452072323
256-post,1,11,204507582,3.4084673690515803,1.626662457,1.468334,198963,199250,448178,58.02635688,6.893792,8.540590507844845,1044630.6803848085,1046137.538470334
256-post,1,12,204016578,3.400282817208733,1.635389568,0.646166,198368,198715,446928,58.018792175,5.498584,8.607075929363406,1044013.2867204155,1045839.5520983593
256-post,1,13,203692586,3.394883845496396,1.626409945,0.648416,198159,198434,446359,58.027472953,5.9705,8.573431243668534,1044572.167697925,1046021.7982779992
256-post,1,14,203522232,3.3920447190324605,1.625233211,1.282084,197877,198190,445791,58.029012616,5.669417,8.574399245014751,1043958.7303054342,1045610.0545249523
256-post,1,15,203410950,3.3901905234509053,1.599563027,1.653375,197645,198014,445356,58.054923609,18.803042,8.443585373422332,1043305.2045845123,1045253.0384305073
256-post,2,0,198140274,3.3014433189086865,1.673362147,0.464041,192547,192841,433797,57.962419411,3.6995,9.06811567209368,1043431.3166727931,1045024.5318727277
256-post,2,1,195029813,3.2496154792948326,1.655477689,0.69225,189619,189878,427146,57.986198558,4.337,9.114276458738976,1043952.4490804696,1045378.3804708463
256-post,2,2,194941479,3.2481436992930233,1.665917427,0.46325,189669,189884,427181,57.976114821,4.090583,9.175908718228031,1044700.8972177543,1045885.1218032258
256-post,2,3,193653616,3.2266857810419083,1.655923485,0.539292,188433,188684,424430,57.988648663,5.59925,9.181518733883784,1044795.3273528959,1046187.0348943858
256-post,2,4,192643198,3.2098496694262963,1.676515316,0.516416,187454,187698,422218,57.970019312,3.725667,9.344449386506636,1044818.617868335,1046178.6088141664
256-post,2,5,191856396,3.1967403366477742,1.675466158,0.749833,186684,186921,420479,57.972740051,3.72525,9.376899212373365,1044794.0378887134,1046120.4300111214
256-post,2,6,191131025,3.184653829835193,1.674378098,5.38375,185937,186218,418852,57.972082993,5.147083,9.40637341850791,1044562.668614831,1046141.2791650754
256-post,2,7,190304776,3.170886903467712,1.64894711,0.594042,185283,185501,417279,58.001153486,7.460459,9.303725922101549,1045407.8481781876,1046637.8526087228
256-post,2,8,189748020,3.1616095188050077,1.655280759,1.225292,184633,184855,415847,57.991028759,3.79425,9.366865495622903,1044797.063972483,1046053.3125748559
256-post,2,9,189361810,3.1551750090667094,1.647472176,0.52625,184385,184551,415200,58.005794243,3.611708,9.34169238901703,1045521.7248833859,1046462.9977978347
256-post,2,10,188927087,3.1479317462956167,1.670209494,5.974709,183839,184072,414069,57.97849134,4.7145,9.492412215881343,1044824.362227826,1046148.5865567175
256-post,2,11,188534979,3.1413977029429616,1.648238433,0.553042,183469,183683,413214,58.005661253,4.501583,9.387024894920543,1044890.1299501351,1046108.8998121246
256-post,2,12,188358061,3.138449869062177,1.661802302,2.976125,183315,183546,412880,57.987725537,6.345958,9.473163109684373,1044993.6754581478,1046310.4991715964
256-post,2,13,188080524,3.133825924252799,1.645430717,0.43175,183097,183290,412338,58.008745272,3.580166,9.393677461985419,1045291.1474711118,1046392.9743249759
256-post,2,14,187738760,3.1281312969387334,1.638269202,0.613042,182776,182984,411628,58.016078235,11.0935,9.369818790528415,1045358.1115770872,1046547.7343241002
256-post,2,15,187690739,3.127330851206486,1.623016167,0.587125,182683,182924,411463,58.031449277,4.034625,9.284956459871303,1045093.5335375924,1046472.247164928
256-post,3,0,204272423,3.40434605191287,1.770673012,1.402125,198316,198686,446909,57.854878551,5.387916,9.30740254455421,1042432.3579320543,1044377.2336477548
256-post,3,1,201085801,3.3512387167899167,1.783056094,0.509417,195329,195680,440138,57.848518234,10.730292,9.52101984896425,1043002.119976119,1044876.3616100373
256-post,3,2,200740233,3.3454798018932954,1.770316281,0.40475,195034,195368,439446,57.86325554,4.617667,9.469265847757766,1043219.6863197623,1045006.2228991834
256-post,3,3,199367237,3.322597396892101,1.776191784,0.61875,193899,194146,436754,57.859397671,5.51025,9.566122471396712,1044291.2740561079,1045621.5539682882
256-post,3,4,198297958,3.3047770986554785,1.786244558,0.65675,192786,193098,434332,57.850276922,17.335917,9.672139386412612,1043895.7282740349,1045585.1427917982
256-post,3,5,197201776,3.2865087165692413,1.799587969,2.88375,191724,192047,431951,57.838424206,9.493208,9.798557130045905,1043915.9405165601,1045674.6397341168
256-post,3,6,196041442,3.267170647864141,1.75916506,0.585375,190566,190863,429325,57.881563996,9.114334,9.635152042196616,1043752.1900720563,1045378.8936836732
256-post,3,7,195683303,3.261202005638711,1.811592897,3.1905,190234,190563,428606,57.822516238,10.85025,9.940465189154253,1043840.7315049052,1045646.0008083163
256-post,3,8,194713220,3.2450342847010107,1.749687672,0.516625,189428,189681,426681,57.892956838,13.658375,9.648614677337234,1044596.593064775,1045991.7560715395
256-post,3,9,194587754,3.2429436288596416,1.788973523,1.977041,189124,189436,426101,57.852486049,4.6195,9.871616554419585,1043592.6441813805,1045314.2707596286
256-post,3,10,194154680,3.23572689690021,1.785461709,0.539792,188979,189201,425615,57.857899787,4.13725,9.874214271341886,1045118.5423791793,1046346.2783520026
256-post,3,11,193853729,3.230710794366255,1.775620192,2.023375,188406,188742,424510,57.867782584,5.80125,9.835032183927245,1043567.2459648377,1045428.325732171
256-post,3,12,193540048,3.2254837753656593,1.782515759,2.842333,188100,188462,423847,57.857888412,4.883166,9.88922831298153,1043560.9538259492,1045569.2954808403
256-post,3,13,193285820,3.221246131742033,1.768135387,0.438375,187758,188124,423105,57.876822485,9.394167,9.822349697025503,1043033.6658456994,1045066.869872689
256-post,3,14,193105703,3.218244138856384,1.760374939,0.396208,187714,188043,422936,57.88663126,10.729084,9.788360305059188,1043761.885946662,1045591.2522191642
256-post,3,15,192770426,3.21265618750098,1.724786091,0.372917,187299,187634,422030,57.921727867,7.047041,9.607152932059039,1043265.6817045992,1045131.6500406343
256-post,4,0,202140381,3.3689931547768106,1.731139232,0.604166,196319,196678,442383,57.897897076,4.242625,9.195572835917625,1042819.4510321814,1044726.4095177103
256-post,4,1,198431825,3.307183634119888,1.663606367,0.49575,192977,193258,434715,57.97126606,6.088667,9.002002248986994,1044225.017685787,1045745.5472306018
256-post,4,2,198550478,3.309161451840217,1.706186131,0.53675,193024,193367,434900,57.928777735,3.741792,9.22688994172778,1043855.1643062576,1045710.0752051979
256-post,4,3,197038155,3.2839558405136513,1.683244619,0.550708,191739,192008,431887,57.954905334,5.470667,9.172691184827858,1044864.5522078503,1046330.4436777334
256-post,4,4,196048922,3.267468908999882,1.698935859,0.611375,190677,190939,429514,57.94190599,5.609333,9.304914658503794,1044320.303759936,1045755.2535419501
256-post,4,5,195234088,3.253887854569142,1.67981239,0.52425,189894,190141,427734,57.962194606,5.329375,9.238575282080859,1044372.588902897,1045731.031136243
256-post,4,6,194535452,3.2422446724294662,1.674074428,0.581833,189242,189458,426228,57.969386561,3.790708,9.240083035520316,1044524.5232596884,1045716.7390311562
256-post,4,7,194068026,3.234454485627506,1.70782641,0.91925,188679,188959,425052,57.93351825,5.870459,9.449081759345416,1043925.3584745382,1045474.5457204578
256-post,4,8,193342347,3.2223591309155926,1.700481438,0.478375,188177,188396,423810,57.944821655,5.663792,9.443756472637952,1045055.666024619,1046271.8996284037
256-post,4,9,192948073,3.2157879247432444,1.70685002,0.895167,187665,187926,422731,57.936747797,5.679416,9.49849472593197,1044341.9116238595,1045794.3574125459
256-post,4,10,192571901,3.209518524307384,1.695954289,0.478,187375,187624,422048,57.951299596,5.2825,9.45629680257185,1044764.9590996144,1046153.3325475974
256-post,4,11,192296337,3.2049265576173105,1.690103697,0.650917,187095,187357,421433,57.956437531,4.824917,9.437179379895953,1044698.6650675514,1046161.617312388
256-post,4,12,191834991,3.1972355690144583,1.684425136,0.502708,186776,186980,420625,57.963643263,10.962875,9.428090821658746,1045425.5601337297,1046567.3921371311
256-post,4,13,191703894,3.1950519600395615,1.672176548,0.41225,186573,186813,420223,57.975917287,4.910792,9.365933363354339,1045003.4641922923,1046347.7146004766
256-post,4,14,191464777,3.191066001451727,1.671946774,0.544708,186355,186574,419707,57.9766659,5.003083,9.376341731751923,1045085.9983062054,1046314.158718478
256-post,4,15,191471789,3.1911840909017806,1.638491838,0.475708,186197,186472,419449,58.009731096,4.910792,9.188388659925419,1044161.6879828078,1045703.8420679717
256-post,5,0,198739867,3.31231930272782,1.718389619,0.674041,192935,193301,434792,57.914537892,15.441666,9.284029579468951,1042379.5785947668,1044356.9851086999
256-post,5,1,195410519,3.2568304758656517,1.684043066,0.613916,189840,190185,427767,57.953962042,15.657,9.253480737039506,1043132.9332284308,1045028.6394123952
256-post,5,2,195433702,3.2572170749808067,1.71043435,0.633708,190016,190272,428036,57.928381709,18.121042,9.397380697425742,1043976.163482714,1045382.6655554425
256-post,5,3,194310508,3.238496916027666,1.701575736,2.457042,188926,189208,425607,57.936601041,19.130458,9.402749512891925,1043987.5327845059,1045545.8385986619
256-post,5,4,193300426,3.2216622760712155,1.714349538,0.620459,188047,188290,423564,57.928438721,17.206542,9.522838816225255,1044560.1851789401,1045909.9973269588
256-post,5,5,192563686,3.209383266376629,1.709754457,0.906417,187267,187539,421853,57.935429067,15.562042,9.533650437348346,1044207.3182739554,1045723.999753183
256-post,5,6,191943565,3.199048379949756,1.711616073,0.658041,186649,186923,420467,57.930733364,13.681792,9.574865217339989,1044123.7647522906,1045656.5343441026
256-post,5,7,191199851,3.1866528176049504,1.709934702,0.58275,185929,186174,418816,57.937668458,17.341833,9.602666509642711,1044141.7320691113,1045517.6052484267
256-post,5,8,190722962,3.178704484040375,1.717469281,0.63475,185414,185739,417750,57.92843505,17.271667,9.669095839885859,1043853.1599311886,1045682.861447674
256-post,5,9,190146427,3.1690957079221183,1.693891535,0.510166,185023,185267,416746,57.955158275,35.383,9.565271433941064,1044810.2372281337,1046188.0859165868
256-post,5,10,189888215,3.164792981276846,1.710441454,0.787583,184795,185018,416206,57.938183995,15.627708,9.671861556353942,1044941.7325139425,1046202.708224057
256-post,5,11,189568853,3.159469877846592,1.717000992,0.496,184415,184665,415395,57.933195225,15.326875,9.725309552618802,1044549.7524477821,1045965.7838883479
256-post,5,12,189131422,3.1521790713583275,1.664073186,0.535208,183918,184205,414331,57.985687501,15.506417,9.44731953638635,1044144.0491386566,1045773.4129970217
256-post,5,13,189051384,3.1508458446664207,1.69914927,1.428375,183792,184080,414060,57.942948322,14.933458,9.650538376476886,1043870.4713032305,1045506.2046090072
256-post,5,14,188751400,3.1458453416234367,1.698144255,0.520458,183446,183737,413298,57.952573403,15.595791,9.66015886387503,1043561.2273366131,1045216.626294099
256-post,5,15,188837867,3.1472865580112765,1.675617933,1.2365,183611,183904,413651,57.971298187,15.390375,9.527649746787967,1044021.5894117465,1045687.6024812121
