group,trial,slots,correctness,latency_passed,throughput_MB_s,projected_p99_ms,resize_p99_ms,input_p99_ms,rtt_p99_ms,rtt_samples,owner_cpu_core_pct,fixture_cpu_core_pct,owner_rss_peak_MiB,rust_requested_peak_MiB,staging_peak_MiB,scratch_bytes,syscall_s,max_write_ms,eagain_count,partial_count,producer_blocked_s_median,producer_max_backpressure_wait_ms,producer_throughput_min_MB_s,producer_throughput_max_MB_s,syscall_s_per_GiB,eagain_per_GiB,partial_per_GiB,owner_cpu_core_pct_per_MB_s
256-pre,1,256,True,False,63.08737955232601,78.2,78.6,0.9,17.5,716,613.1010618067054,87.93342893259444,54.0625,24.03107452392578,3.9997262954711914,262144,22.159172155000004,11.877042,3681537,3686861,58.274437691,35.023667,3.8526348107128503,4.105003410511709,6.285089489616791,1044208.2105993426,1045718.2767791015,9.71828384943753
256-pre,2,256,True,False,59.26801719979557,87.9,87.4,0.8,5.0,695,681.9950696691967,96.37354505152145,52.703125,24.03122615814209,3.999600410461426,262144,26.597643094,0.678375,3463265,3466651,57.987738077,6.584042,3.6509385539149184,3.84303626796908,8.029723104417684,1045545.986497367,1046568.206486389,11.506966183298418
256-pre,3,256,True,False,57.297633194285204,90.5,94.1,0.9,4.6,684,682.2699308405495,98.52005502373937,53.21875,24.031249046325684,3.9990234375,262144,27.756130902,3.342833,3345928,3349957,57.9128958745,6.706042,3.521825022750076,3.733274927583092,8.668331685232687,1044944.4053031666,1046202.6753582803,11.907471440000043
256-pre,4,256,True,False,56.41643753131929,89.5,91.3,0.8,4.5,680,687.1541718251945,95.61912416201238,51.5625,24.031249046325684,3.9990234375,262144,26.021618808,1.719708,3296473,3299712,58.0248761435,6.262292,3.471793355720165,3.6680259179812786,8.252465135342945,1045439.513307137,1046466.7259018107,12.180034789394924
256-pre,5,256,True,False,55.27004876549051,90.7,89.4,0.8,4.6,675,691.503710018191,92.04823940075583,48.90625,24.031249046325684,3.999722480773926,262144,24.187980502,0.745417,3230227,3232989,58.146319699,11.20975,3.4050304063165484,3.580064864273157,7.831178587331412,1045828.7128405834,1046722.9468696053,12.511364210157017
128,1,128,True,False,56.24814731481797,47.1,46.4,0.9,18.6,864,692.0325145565437,98.76256217874305,48.1875,20.968811988830566,1.9993705749511719,262144,27.634750577,3.618416,3285781,3289355,57.913334662,27.32425,3.4629073952508995,3.6595255406782097,8.79083173886791,1045232.8064726408,1046369.7240122862,12.30320548485399
128,2,128,True,False,55.80590223159849,47.2,48.3,0.8,19.1,862,693.5130611202446,96.9597686568715,53.25,20.968811988830566,2.0,262144,26.308365353,0.689625,3261492,3264261,58.0057629395,4.701875,3.437019239463162,3.615529369568529,8.435140595139993,1045718.4701818492,1046606.2830122757,12.427234994644756
128,3,128,True,False,55.372215305297026,46.5,49.1,0.8,4.7,860,692.2019674853987,94.15191522925414,50.625,20.968811988830566,1.999685287475586,262144,24.84615374599999,1.976,3236387,3239058,58.093989972,32.042541,3.415020105797919,3.5842882271962555,8.028801765632556,1045808.132941039,1046671.2415628093,12.500889907852054
128,4,128,True,False,54.893480545331386,46.9,47.0,0.8,19.6,860,691.4280092164428,96.52951288287765,53.875,20.968811988830566,2.0,262144,26.243218584999997,2.694667,3208177,3210919,58.013876947499995,4.502417,3.3889721455549227,3.5443964341592378,8.554561321161358,1045776.7132011063,1046670.5291431809,12.595812878825512
128,5,128,True,False,55.21057837667208,46.8,46.5,0.9,34.6,863,693.7754714038454,99.25974572976573,51.53125,20.968811988830566,2.0,262144,27.515670525000004,0.717417,3226026,3229127,57.9340061165,58.233166,3.4027727291560645,3.5765028637981104,8.917358470527752,1045499.8816439984,1046504.8627362086,12.565988109571837
64,1,64,True,False,54.584500183998806,24.2,24.6,0.9,22.1,996,691.0181080659861,97.80400992894081,48.609375,19.43756103515625,1.0,262144,27.249125275000004,3.359875,3189797,3192763,57.949367084,5.668541,3.3659591022732833,3.526350497452877,8.932843145265828,1045683.337673286,1046655.6555918052,12.659603105948287
64,2,64,True,False,54.56967508168612,24.2,24.3,0.9,22.4,996,689.8598223140018,97.84928826863108,48.046875,19.437591552734375,1.0,262144,27.094730271,3.204542,3188650,3191687,57.9568780055,40.605667,3.365552806735426,3.530175089876443,8.884040995184643,1045520.5508953013,1046516.3472081826,12.64181656352802
64,3,64,True,False,54.52759138680858,24.8,25.2,1.0,20.2,994,690.545827871283,100.00882993400184,48.859375,19.43756103515625,1.0,262144,27.701488200000004,1.224125,3184362,3188297,57.913810317,16.242333,3.3611252736401442,3.5329326902163416,9.090334182857758,1044958.8314606611,1046250.1146130783,12.66415424390708
64,4,64,True,False,53.03644046775204,24.5,24.3,1.0,24.3,993,684.7592609979101,102.00654449805756,47.28125,19.43756103515625,0.9994020462036133,262144,28.021406052,0.727959,3095546,3099835,57.8909131505,7.113416,3.2541139757174133,3.4465703898976976,9.453886003522008,1044377.9640590084,1045824.9905570315,12.911108946202132
64,5,64,True,False,52.12896549566926,24.9,26.0,1.1,6.2,985,676.281664303238,101.59866988504471,47.671875,19.437591552734375,0.9982938766479492,262144,28.381199979999998,4.243667,3041957,3046548,57.8689054925,48.777917,3.1997910528771323,3.3872983848084632,9.74199725294824,1044167.8561325817,1045743.7412050876,12.973241610931675
32,1,32,True,True,52.1440516556302,13.3,13.3,1.1,14.6,1092,681.4291274516407,101.86857518865027,46.03125,18.671966552734375,0.5,262144,28.238777371,4.98525,3041145,3046292,57.867769232499995,11.263334,3.189068603764649,3.384996503491492,9.690126795177125,1043567.8664609044,1045334.0577502623,13.068204441648218
32,2,32,True,True,51.52784186155278,13.4,12.8,1.1,14.6,1092,674.6809070176834,99.6548546004534,51.171875,18.671966552734375,0.4995145797729492,262144,27.239628147999998,6.431292,3007408,3011634,57.9423694305,52.984583,3.1617832797023686,3.3380207610154553,9.459608995126331,1044393.9841705833,1045861.5632210829,13.09352153405619
32,3,32,True,True,52.02418909321351,13.4,13.4,1.2,14.9,1093,679.8853012252156,103.59211356139338,48.484375,18.67193603515625,0.49952220916748047,262144,29.499603574,4.458333,3034932,3039907,57.801184426,10.834458,3.1894486739813157,3.3748928997572394,10.146129766603385,1043838.227438315,1045549.3350287011,13.068638129217968
32,4,32,True,True,51.365971946363004,13.6,13.0,1.0,14.5,1090,678.5406280636482,98.68117500479396,48.15625,18.67198657989502,0.5,262144,26.744325095,1.992833,2999147,3002913,57.977159848,13.099084,3.1528986375485104,3.338772866253304,9.316143775617185,1044725.7336635719,1046037.5857044945,13.209924826735273
32,5,32,True,True,51.23674986625789,13.7,13.3,1.1,14.8,1092,675.8095666272334,99.0038439056953,49.546875,18.671966552734375,0.5,262144,26.357554243000003,1.368042,2989639,2994257,57.986465773,12.53375,3.1423070154472175,3.3184440126805606,9.204621565011706,1044045.868493597,1045658.5728437555,13.189938245327497
256-post,1,256,True,False,55.13887120480431,89.7,87.7,1.1,4.7,674,676.2325633494346,96.72519794819787,49.375,24.031249046325684,3.999262809753418,262144,26.188812152999997,7.91575,3216934,3222058,58.010359918,18.823291,3.3901905234509053,3.5717148007012613,8.499006313904099,1043985.5850537617,1045648.4672073326,12.26417132910972
256-post,2,256,True,False,50.916673847320176,95.3,96.4,1.0,89.5,660,686.6495558027358,97.88010845081271,55.921875,24.031249046325684,3.998885154724121,262144,26.515706680000005,5.974709,2973823,2977530,57.988187100000005,11.0935,3.127330851206486,3.3014433189086865,9.316005832918957,1044820.4435360177,1046122.8577631549,13.485750421595444
256-post,3,256,True,False,52.36748249055338,95.0,95.8,1.1,81.6,667,680.1261760875053,101.82656716107019,54.828125,24.031055450439453,3.999286651611328,262144,28.392382927,3.1905,3054696,3059774,57.858648729,17.335917,3.21265618750098,3.40434605191287,9.70059947392766,1043673.6672225471,1045408.6270621371,12.987566782691797
256-post,4,256,True,False,51.88712459244901,95.4,93.7,1.0,89.5,663,685.28008098257,99.44309772491651,50.484375,24.031103134155273,4.0,262144,27.005255176000002,0.91925,3028764,3032950,57.9556714325,10.962875,3.191066001451727,3.3689931547768106,9.312664942215266,1044458.3521695685,1045901.87918659,13.207131564239674
256-post,5,256,True,False,51.143209705496,96.8,95.2,1.2,90.6,663,674.6188189832714,99.30441907268141,51.609375,24.031155586242676,3.9989500045776367,262144,27.235885447,2.457042,2984023,2988507,57.937134749500004,35.383,3.1458453416234367,3.31231930272782,9.528935511956016,1044010.9534359036,1045579.7567310547,13.19077982918962
